Website_URL,Instruction,Email
http://redbornecommunitycollege.com,Find the contact email address for the Music Technology department or general office.,admin@redborne.com
http://www.accesstomusic.co.uk,Find the contact email address for the Music Technology department or general office.,bursary.support@accesstomusic.ac.uk
http://www.aclandburghley.camden.sch.uk,Find the contact email address for the Music Technology department or general office.,info@aclandburghley.camden.sch.uk
http://www.activatelearning.ac.uk,Find the contact email address for the Music Technology department or general office.,Not found
http://www.aldergrange.com,Find the contact email address for the Music Technology department or general office.,ag6enquiries@aldergrange.com
http://www.aquinas.ac.uk,Find the contact email address for the Music Technology department or general office.,enquiries@aquinas.ac.uk
http://www.barnwell.herts.sch.uk,Find the contact email address for the Music Technology department or general office.,Not found
http://www.barton-peveril.ac.uk,Find the contact email address for the Music Technology department or general office.,Not found
http://www.bedford.ac.uk,Find the contact email address for the Music Technology department or general office.,info@bedfordcollegegroup.ac.uk
http://www.berwickacademy.co.uk,Find the contact email address for the Music Technology department or general office.,admin@berwickacademy.co.uk
http://www.bexhillcollege.ac.uk,Find the contact email address for the Music Technology department or general office.,enquiries@bexhillcollege.ac.uk
http://www.bishopjustus.bromley.sch.uk,Find the contact email address for the Music Technology department or general office.,admin@bishopjustus.bromley.sch.uk
http://www.blackpoolsixth.ac.uk,Find the contact email address for the Music Technology department or general office.,generalenquiries@blackpoolsixth.ac.uk
http://www.bluecoatschool.org.uk,Find the contact email address for the Music Technology department or general office.,Not found
http://www.boa-academy.co.uk,Find the contact email address for the Music Technology department or general office.,info@boa-academy.co.uk
http://www.bolton-sfc.ac.uk,Find the contact email address for the Music Technology department or general office.,Info@bolton-sfc.ac.uk
http://www.calderdale.ac.uk,Find the contact email address for the Music Technology department or general office.,Not found
http://www.capitalccg.ac.uk,Find the contact email address for the Music Technology department or general office.,shaheena.khatri@capitalccg.ac.uk
http://www.cdarwin.com,Find the contact email address for the Music Technology department or general office.,enquiries@cdarwin.com
http://www.chartersschool.org.uk,Find the contact email address for the Music Technology department or general office.,Not found
http://www.cheam.sutton.sch.uk,Find the contact email address for the Music Technology department or general office.,music@cheam.sutton.sch.uk
http://www.churchill-academy.org,Find the contact email address for the Music Technology department or general office.,enquiries@lsp.org.uk
http://www.colchsfc.ac.uk,Find the contact email address for the Music Technology department or general office.,enquiries@colchsfc.ac.uk
http://www.combertonvc.org,Find the contact email address for the Music Technology department or general office.,enquiries@combertonsixthform.org
http://www.csgrammar.com,Find the contact email address for the Music Technology department or general office.,enquiries@csgrammar.com
http://www.denbigh.net,Find the contact email address for the Music Technology department or general office.,info@tastrust.org.uk
http://www.enfieldgrammar.com,Find the contact email address for the Music Technology department or general office.,enfieldgrammar.org_luuo47nlb4c50etc0i9td9i1fo@group.calendar.google.com
http://www.escg.ac.uk,Find the contact email address for the Music Technology department or general office.,Not found
http://www.essexschoolsjobs.co.uk,Find the contact email address for the Music Technology department or general office.,teaching@essex.gov.uk
http://www.essexschoolsjobs.co.uk/Vacancies/Details.aspx?VacancyId=76673,Find the contact email address for the Music Technology department or general office.,humanresources@colchsfc.ac.uk
http://www.exe-coll.ac.uk,Find the contact email address for the Music Technology department or general office.,Not found
http://www.farlingaye.suffolk.sch.uk,Find the contact email address for the Music Technology department or general office.,pstrutt@farlingaye.suffolk.sch.uk
http://www.farn-ct.ac.uk,Find the contact email address for the Music Technology department or general office.,slick-carousel@1.8.1
http://www.fastpastpapers.com,Find the contact email address for the Music Technology department or general office.,Not found
http://www.fastpastpapers.com/page462.html,Find the contact email address for the Music Technology department or general office.,Not found
http://www.fromecollege.somerset.sch.uk,Find the contact email address for the Music Technology department or general office.,Not found
http://www.fullbrook.surrey.sch.uk,Find the contact email address for the Music Technology department or general office.,info@fullbrook.surrey.sch.uk
http://www.gablehall.com,Find the contact email address for the Music Technology department or general office.,info@gablehall.com
http://www.greenhead.ac.uk,Find the contact email address for the Music Technology department or general office.,422032college@greenhead.ac.uk
http://www.halesowen.ac.uk,Find the contact email address for the Music Technology department or general office.,info@halesowen.ac.uk
http://www.havering-sfc.ac.uk,Find the contact email address for the Music Technology department or general office.,Not found
http://www.haydonschool.com,Find the contact email address for the Music Technology department or general office.,Not found
http://www.hesslehigh.co.uk,Find the contact email address for the Music Technology department or general office.,Not found
http://www.highcliffe.dorset.sch.uk,Find the contact email address for the Music Technology department or general office.,info@hispmat.org
http://www.hillsroad.ac.uk,Find the contact email address for the Music Technology department or general office.,Not found
http://www.hinchingbrookeschool.net,Find the contact email address for the Music Technology department or general office.,image005.jpg@01D69E38.D0836EC0
http://www.hlcollege.ac.uk,Find the contact email address for the Music Technology department or general office.,Not found
http://www.hollyfield.kingston.sch.uk,Find the contact email address for the Music Technology department or general office.,office@hollyfield.kingston.sch.uk
http://www.holycross.ac.uk,Find the contact email address for the Music Technology department or general office.,information@holycross.ac.uk
http://www.howard-of-effingham.surrey.sch.uk,Find the contact email address for the Music Technology department or general office.,Not found
http://www.huddnewcoll.ac.uk,Find the contact email address for the Music Technology department or general office.,info@huddnewcoll.ac.uk
http://www.hylands.essex.sch.uk,Find the contact email address for the Music Technology department or general office.,Not found
http://www.jcoss.org,Find the contact email address for the Music Technology department or general office.,admin@jcoss.barnet.sch.uk
http://www.jhgs.bucks.sch.uk,Find the contact email address for the Music Technology department or general office.,office@jhgs.bucks.sch.uk
http://www.kendal.ac.uk,Find the contact email address for the Music Technology department or general office.,safeguarding@kendal.ac.uk
http://www.kennetschool.net,Find the contact email address for the Music Technology department or general office.,Not found
http://www.kesgrave.suffolk.sch.uk,Find the contact email address for the Music Technology department or general office.,office@kesgrave.suffolk.sch.uk
http://www.lasainteunion.org.uk,Find the contact email address for the Music Technology department or general office.,general@lsu.camden.sch.uk
http://www.lmc.ac.uk,Find the contact email address for the Music Technology department or general office.,Not found
http://www.lutonsfc.ac.uk,Find the contact email address for the Music Technology department or general office.,collemail@lutonsfc.ac.uk
http://www.marling.gloucs.sch.uk,Find the contact email address for the Music Technology department or general office.,reception@marling.school
http://www.mbro.ac.uk,Find the contact email address for the Music Technology department or general office.,Not found
http://www.morleycollege.ac.uk,Find the contact email address for the Music Technology department or general office.,Not found
http://www.ncclondon.ac.uk,Find the contact email address for the Music Technology department or general office.,Not found
http://www.ncgrp.co.uk,Find the contact email address for the Music Technology department or general office.,info@ncgrp.co.uk
http://www.nowerhill.org.uk,Find the contact email address for the Music Technology department or general office.,admin@nowerhill.harrow.sch.uk
http://www.nsb.northants.sch.uk,Find the contact email address for the Music Technology department or general office.,nsb@nsb.northants.sch.uk
http://www.nwhc.ac.uk,Find the contact email address for the Music Technology department or general office.,Not found
http://www.oasisacademyenfield.org,Find the contact email address for the Music Technology department or general office.,info@oasisenfield.org
http://www.pastpapersz.com,Find the contact email address for the Music Technology department or general office.,Not found
http://www.pastpapersz.com/edexcel/a-level-music-technology,Find the contact email address for the Music Technology department or general office.,Not found
http://www.rainhammark.com,Find the contact email address for the Music Technology department or general office.,rmgs-office@rmet.org
http://www.ralphallen.bathnes.sch.uk,Find the contact email address for the Music Technology department or general office.,Not found
http://www.rhinegoldeducation.co.uk,Find the contact email address for the Music Technology department or general office.,Not found
http://www.rhinegoldeducation.co.uk/product/edexcel-a-level-music-technology-revision-guide,Find the contact email address for the Music Technology department or general office.,Not found
http://www.richardchalloner.com,Find the contact email address for the Music Technology department or general office.,Not found
http://www.ridgewood.doncaster.sch.uk,Find the contact email address for the Music Technology department or general office.,Not found
http://www.rotherham.ac.uk,Find the contact email address for the Music Technology department or general office.,enquiries@rnngroup.ac.uk
http://www.rsacademy.co.uk,Find the contact email address for the Music Technology department or general office.,Not found
http://www.runshaw.ac.uk,Find the contact email address for the Music Technology department or general office.,dataprotectionofficer@runshaw.ac.uk
http://www.saintcecilias.london,Find the contact email address for the Music Technology department or general office.,info@saintcecilias.london
http://www.sandringham.herts.sch.uk,Find the contact email address for the Music Technology department or general office.,admin@sandringham.aetrust.uk
http://www.sccb.ac.uk,Find the contact email address for the Music Technology department or general office.,Not found
http://www.seafordhead.e-sussex.sch.uk,Find the contact email address for the Music Technology department or general office.,Not found
http://www.sharnbrook.beds.sch.uk,Find the contact email address for the Music Technology department or general office.,enquiries@spitfire.co.uk
http://www.shsb.org.uk,Find the contact email address for the Music Technology department or general office.,enquiries@shsb.org.uk
http://www.sjlhs.suffolk.sch.uk,Find the contact email address for the Music Technology department or general office.,smart.journey.prober@gmail.com
http://www.smrt.bristol.sch.uk,Find the contact email address for the Music Technology department or general office.,enquiries@smrt.bristol.sch.uk
http://www.southdartmoor.devon.sch.uk,Find the contact email address for the Music Technology department or general office.,enquiries@southdartmoor.devon.sch.uk
http://www.southdowns.ac.uk,Find the contact email address for the Music Technology department or general office.,Not found
http://www.southessex.ac.uk,Find the contact email address for the Music Technology department or general office.,info@thebackstagecentre.com
http://www.sparsholt.ac.uk,Find the contact email address for the Music Technology department or general office.,Not found
http://www.springwood.norfolk.sch.uk,Find the contact email address for the Music Technology department or general office.,Not found
http://www.st-martins.essex.sch.uk,Find the contact email address for the Music Technology department or general office.,sixthform@st-martins.essex.sch.uk
http://www.staidans.co.uk,Find the contact email address for the Music Technology department or general office.,admin@staidans.co.uk
http://www.stbrn.ac.uk,Find the contact email address for the Music Technology department or general office.,info@stbrn.ac.uk
http://www.stcg.ac.uk,Find the contact email address for the Music Technology department or general office.,info.merton@stcg.ac.uk
http://www.stcharles.ac.uk,Find the contact email address for the Music Technology department or general office.,enquiries@stcharles.ac.uk
http://www.tbshs.org,Find the contact email address for the Music Technology department or general office.,admissions.sixthform@tbshs.org
http://www.teignmouth.devon.sch.uk,Find the contact email address for the Music Technology department or general office.,Not found
http://www.thebeaconschool.co.uk,Find the contact email address for the Music Technology department or general office.,info@thebeaconschool.co.uk
http://www.themanchestercollege.ac.uk,Find the contact email address for the Music Technology department or general office.,bootstrap@4.6.0
http://www.thomas-hardye.dorset.sch.uk,Find the contact email address for the Music Technology department or general office.,Not found
http://www.twynhamschool.com,Find the contact email address for the Music Technology department or general office.,office@twynhamschool.com
http://www.varndean.ac.uk,Find the contact email address for the Music Technology department or general office.,information@varndean.ac.uk
http://www.waddesdonschool.com,Find the contact email address for the Music Technology department or general office.,office@waddesdonschool.com
http://www.wakefield.ac.uk,Find the contact email address for the Music Technology department or general office.,courseinfo@heartofyorkshire.ac.uk
http://www.walsallacademy.com,Find the contact email address for the Music Technology department or general office.,Not found
http://www.weymouth.ac.uk,Find the contact email address for the Music Technology department or general office.,recruitment@weymouth.ac.uk
http://www.whitefield.barnet.sch.uk,Find the contact email address for the Music Technology department or general office.,schooladmin@clarion.school
http://www.wigstoncollege.org,Find the contact email address for the Music Technology department or general office.,Not found
http://www.williamellis.camden.sch.uk,Find the contact email address for the Music Technology department or general office.,info@williamellis.camden.sch.uk
http://www.winstanley.ac.uk,Find the contact email address for the Music Technology department or general office.,Not found
http://www.wmcollege.ac.uk,Find the contact email address for the Music Technology department or general office.,ArtsSchool@wmcollege.ac.uk
http://www.wymondhamhigh.norfolk.sch.uk,Find the contact email address for the Music Technology department or general office.,Not found
https://barton-peveril.ac.uk,Find the contact email address for the Music Technology department or general office.,Not found
https://barton-peveril.ac.uk/courses/music-technology,Find the contact email address for the Music Technology department or general office.,Not found
https://beatrust.org.uk,Find the contact email address for the Music Technology department or general office.,Not found
https://beatrust.org.uk/music-academies/level-music,Find the contact email address for the Music Technology department or general office.,Not found
https://books.google.com,Find the contact email address for the Music Technology department or general office.,robert@broofa.com
https://books.google.com/books/about/Edexcel_AS_and_A_Level_Music_Technology.html?id=PO9ADwAAQBAJ,Find the contact email address for the Music Technology department or general office.,robert@broofa.com
https://books.google.com/books?id=PO9ADwAAQBAJ&printsec=copyright,Find the contact email address for the Music Technology department or general office.,robert@broofa.com
https://budmouth.academies.aspirationsacademies.org,Find the contact email address for the Music Technology department or general office.,office@budmouth-aspirations.org
https://budmouth.academies.aspirationsacademies.org/wp-content/uploads/sites/4/2020/03/A-Level-Music-Technology-Handbook.pdf,Find the contact email address for the Music Technology department or general office.,H@r.Z
https://courses.uwe.ac.uk,Find the contact email address for the Music Technology department or general office.,Not found
https://courses.uwe.ac.uk/WJ39/creative-music-technology,Find the contact email address for the Music Technology department or general office.,Admissions@uwe.ac.uk
https://exe-coll.ac.uk,Find the contact email address for the Music Technology department or general office.,Not found
https://exe-coll.ac.uk/course/music-technology-production,Find the contact email address for the Music Technology department or general office.,Not found
https://fallibroome.academy/sixth_form_page/join,Find the contact email address for the Music Technology department or general office.,info@fallibroome.org.uk
https://farnborough.ac.uk,Find the contact email address for the Music Technology department or general office.,admin@farnborough.ac.uk
https://farnborough.ac.uk/course/alevel_musictechnology,Find the contact email address for the Music Technology department or general office.,admin@farnborough.ac.uk
https://georgesalter.com,Find the contact email address for the Music Technology department or general office.,info@georgesalter.com
https://georgesalter.com/sixth-form/sixth-form-courses/music-tech-a-level,Find the contact email address for the Music Technology department or general office.,info@georgesalter.com
https://getrevising.co.uk,Find the contact email address for the Music Technology department or general office.,Not found
https://getrevising.co.uk/resources/level/a_ib/subjects/music_technology,Find the contact email address for the Music Technology department or general office.,Not found
https://guildfordcounty.s3.amazonaws.com,Find the contact email address for the Music Technology department or general office.,Not found
https://guildfordcounty.s3.amazonaws.com/uploads/document/Music-Technology-Handbook.pdf?t=1601303406?ts=1601303406,Find the contact email address for the Music Technology department or general office.,Not found
https://huntschoolmusic.com,Find the contact email address for the Music Technology department or general office.,Not found
https://huntschoolmusic.com/a-level-music-and-a-leve.html,Find the contact email address for the Music Technology department or general office.,Not found
https://leicestercollege.ac.uk,Find the contact email address for the Music Technology department or general office.,Not found
https://leicestercollege.ac.uk/courses/subjects/music-and-technology,Find the contact email address for the Music Technology department or general office.,Not found
https://lutonsfc.ac.uk,Find the contact email address for the Music Technology department or general office.,collemail@lutonsfc.ac.uk
https://lutonsfc.ac.uk/Music-Technology-A-Level,Find the contact email address for the Music Technology department or general office.,collemail@lutonsfc.ac.uk
https://moodle.bilborough.ac.uk,Find the contact email address for the Music Technology department or general office.,Not found
https://moodle.bilborough.ac.uk/course/view.php?id=439,Find the contact email address for the Music Technology department or general office.,Not found
https://musiceducation.global,Find the contact email address for the Music Technology department or general office.,bootstrap@4.6.2
https://musiceducation.global/a-level-music-technology-fails-the-test,Find the contact email address for the Music Technology department or general office.,bootstrap@4.6.2
https://musictechtuition.com,Find the contact email address for the Music Technology department or general office.,Not found
https://musictechtuition.com/books/previous-book-versions/music-technology-level,Find the contact email address for the Music Technology department or general office.,Not found
https://mystartutor.com,Find the contact email address for the Music Technology department or general office.,Not found
https://mystartutor.com/mst/student-resources/past-papers/a-level-past-papers/a-level-music-technology-edexcel-past-papers,Find the contact email address for the Music Technology department or general office.,Not found
https://old.aldergrange.com,Find the contact email address for the Music Technology department or general office.,Not found
https://old.aldergrange.com/uploads/Documents/Curriculum/CEPA/KS5/A%20Level%20Music%20Technology.pdf,Find the contact email address for the Music Technology department or general office.,Not found
https://pearson.jobs,Find the contact email address for the Music Technology department or general office.,TalentExperienceGlobalTeam@grp.pearson.com
https://pearson.jobs/london-gbr/welsh-speaking-examiner-gce-a-level-music-technology-2017-specification/e0e17f7f36a840708baac392e557c9d2/job,Find the contact email address for the Music Technology department or general office.,Not found
https://reevell.uk,Find the contact email address for the Music Technology department or general office.,Not found
https://reevell.uk/2022/04/20/teaching-a-level-music-technology-for-the-first-time,Find the contact email address for the Music Technology department or general office.,Not found
https://sandringham.herts.sch.uk,Find the contact email address for the Music Technology department or general office.,admin@sandringham.aetrust.uk
https://sandringham.herts.sch.uk/wp-content/uploads/2021/06/Music-Technology-A-level-Summer-work-2021.pdf,Find the contact email address for the Music Technology department or general office.,Not found
https://sixthform.thomas-hardye.net,Find the contact email address for the Music Technology department or general office.,Not found
https://sixthform.thomas-hardye.net/docs/Sixth%20Form/Summer%20Tasks/A%20Level/Music%20Technology.pdf,Find the contact email address for the Music Technology department or general office.,Not found
https://stmarylebone.school,Find the contact email address for the Music Technology department or general office.,Not found
https://stmarylebone.school/wp-content/uploads/2021/06/Sixth-Form-Music-Tech.pdf,Find the contact email address for the Music Technology department or general office.,Not found
https://subjectchoices.wellingtoncollege.org.uk,Find the contact email address for the Music Technology department or general office.,Not found
https://subjectchoices.wellingtoncollege.org.uk/departmental-subject-information/music/a-level-music-technology,Find the contact email address for the Music Technology department or general office.,saf@wellingtoncollege.org.uk
https://tbshs.org,Find the contact email address for the Music Technology department or general office.,admissions.sixthform@tbshs.org
https://tbshs.org/gallery/music-technology,Find the contact email address for the Music Technology department or general office.,admissions.sixthform@tbshs.org
https://varndean.ac.uk,Find the contact email address for the Music Technology department or general office.,information@varndean.ac.uk
https://varndean.ac.uk/courses/music_tech,Find the contact email address for the Music Technology department or general office.,Not found
https://woking.ac.uk,Find the contact email address for the Music Technology department or general office.,wokingcoll@woking.ac.uk
https://woking.ac.uk/courses/vocational-courses/level-3-vocational-courses/music-technology-production,Find the contact email address for the Music Technology department or general office.,Not found
https://www.academiccourse.co.uk,Find the contact email address for the Music Technology department or general office.,Not found
https://www.academiccourse.co.uk/a-levels/music-technology,Find the contact email address for the Music Technology department or general office.,Not found
https://www.academiccourses.com,Find the contact email address for the Music Technology department or general office.,Not found
https://www.academiccourses.com/music-technology,Find the contact email address for the Music Technology department or general office.,Not found
https://www.accesscreative.ac.uk,Find the contact email address for the Music Technology department or general office.,bursary.support@accesstomusic.ac.uk
https://www.accesscreative.ac.uk/courses/music-technology-level-2,Find the contact email address for the Music Technology department or general office.,bursary.support@accesstomusic.ac.uk
https://www.aqa.org.uk,Find the contact email address for the Music Technology department or general office.,business-studies@aqa.org.uk
https://www.aqa.org.uk/subjects/music/as-and-a-level/music-7272,Find the contact email address for the Music Technology department or general office.,Not found
https://www.aquinas.ac.uk,Find the contact email address for the Music Technology department or general office.,enquiries@aquinas.ac.uk
https://www.aquinas.ac.uk/sixthform/music-technology,Find the contact email address for the Music Technology department or general office.,Not found
https://www.bcu.ac.uk,Find the contact email address for the Music Technology department or general office.,jack@greensock.com
https://www.bcu.ac.uk/courses/music-technology-bsc-honours-2023-24,Find the contact email address for the Music Technology department or general office.,Not found
https://www.bede.ac.uk,Find the contact email address for the Music Technology department or general office.,bede.enquiries@stockton.ac.uk
https://www.bede.ac.uk/a-level-equivalent-qualifications/music-technology-btec,Find the contact email address for the Music Technology department or general office.,bede.enquiries@stockton.ac.uk
https://www.beechencliff.org.uk,Find the contact email address for the Music Technology department or general office.,Not found
https://www.beechencliff.org.uk/wp-content/uploads/2020/09/Music-Tech-Overview-.pdf,Find the contact email address for the Music Technology department or general office.,Not found
https://www.billericayschool.com,Find the contact email address for the Music Technology department or general office.,info@billericayschool.com
https://www.billericayschool.com/assets/220701-A-Level-Music-Technology-Summer-Work-Google-Docs.pdf,Find the contact email address for the Music Technology department or general office.,Not found
https://www.blackpoolsixth.ac.uk,Find the contact email address for the Music Technology department or general office.,generalenquiries@blackpoolsixth.ac.uk
https://www.blackpoolsixth.ac.uk/courses/a-level-music-technology,Find the contact email address for the Music Technology department or general office.,generalenquiries@blackpoolsixth.ac.uk
https://www.brit.croydon.sch.uk,Find the contact email address for the Music Technology department or general office.,info@brit.croydon.sch.uk
https://www.brit.croydon.sch.uk/page/?title=Music+%26amp%3B+Music+Technology&pid=1042,Find the contact email address for the Music Technology department or general office.,info@brit.croydon.sch.uk
https://www.brock.ac.uk,Find the contact email address for the Music Technology department or general office.,enquiries@brock.ac.uk
https://www.brock.ac.uk/college-course/music-technology-music-production-foundation-diploma-equivalent-to-one-a-level,Find the contact email address for the Music Technology department or general office.,enquiries@brock.ac.uk
https://www.candi.ac.uk,Find the contact email address for the Music Technology department or general office.,shaheena.khatri@capitalccg.ac.uk
https://www.candi.ac.uk/course-detail/music-technology-a-level-edexcel/11465,Find the contact email address for the Music Technology department or general office.,Not found
https://www.chartersschool.org.uk,Find the contact email address for the Music Technology department or general office.,Not found
https://www.chartersschool.org.uk/47/subject-information/subject/29/music-and-music-technology,Find the contact email address for the Music Technology department or general office.,Not found
https://www.cirencester.ac.uk,Find the contact email address for the Music Technology department or general office.,student.journeyteam@cirencester.ac.uk
https://www.cirencester.ac.uk/courses/level-3-vocational/music-technology-level-3-certificate,Find the contact email address for the Music Technology department or general office.,student.journeyteam@cirencester.ac.uk
https://www.colchester.ac.uk,Find the contact email address for the Music Technology department or general office.,info@colchester.ac.uk
https://www.colchester.ac.uk/courses/areas-of-study/music,Find the contact email address for the Music Technology department or general office.,info@colchester.ac.uk
https://www.colchsfc.ac.uk,Find the contact email address for the Music Technology department or general office.,enquiries@colchsfc.ac.uk
https://www.colchsfc.ac.uk/courses/details.php?id=256,Find the contact email address for the Music Technology department or general office.,Not found
https://www.combertonsixthform.org,Find the contact email address for the Music Technology department or general office.,enquiries@combertonsixthform.org
https://www.combertonsixthform.org/curriculum/a-level-courses/music-technology,Find the contact email address for the Music Technology department or general office.,enquiries@combertonsixthform.org
https://www.cornwall.gov.uk,Find the contact email address for the Music Technology department or general office.,bootstrap-icons@1.5.0
https://www.cornwall.gov.uk/schools-and-education/adult-and-community-education/level-3-diploma-in-music-technology-production-and-recording,Find the contact email address for the Music Technology department or general office.,bootstrap-icons@1.5.0
https://www.davidgamecollege.com,Find the contact email address for the Music Technology department or general office.,info@davidgamecollege.com
https://www.davidgamecollege.com/2742/a-level-music-technology-course,Find the contact email address for the Music Technology department or general office.,info@davidgamecollege.com
https://www.doverbroecks.com,Find the contact email address for the Music Technology department or general office.,info@doverbroecks.com
https://www.doverbroecks.com/sixth-form/a-level-subjects/music-technology,Find the contact email address for the Music Technology department or general office.,Not found
https://www.ed.ac.uk,Find the contact email address for the Music Technology department or general office.,Not found
https://www.ed.ac.uk/studying/undergraduate/degrees/index.php?action=view&code=W380,Find the contact email address for the Music Technology department or general office.,website.support@ed.ac.uk
https://www.eduqas.co.uk,Find the contact email address for the Music Technology department or general office.,info@eduqas.co.uk
https://www.eduqas.co.uk/qualifications/music-as-a-level,Find the contact email address for the Music Technology department or general office.,music@eduqas.co.uk
https://www.esher.ac.uk,Find the contact email address for the Music Technology department or general office.,info@esher.ac.uk
https://www.esher.ac.uk/our-courses/btec/Pages/music-technology.aspx,Find the contact email address for the Music Technology department or general office.,Not found
https://www.essexopportunities.co.uk,Find the contact email address for the Music Technology department or general office.,Not found
https://www.essexopportunities.co.uk/search-opportunities/courses/course-details/?id=d7a6017c-7928-4b01-9732-1aff6f1e80fe&serviceid=e,Find the contact email address for the Music Technology department or general office.,Not found
https://www.ewellcastle.co.uk,Find the contact email address for the Music Technology department or general office.,Not found
https://www.ewellcastle.co.uk/assets/filemanager/ecs-files-2020/Music%20Tech%20Programme%20of%20Study%20202122%20A%20Level.pdf,Find the contact email address for the Music Technology department or general office.,Not found
https://www.facebook.com,Find the contact email address for the Music Technology department or general office.,Not found
https://www.facebook.com/groups/MusicTechTeachers,Find the contact email address for the Music Technology department or general office.,Not found
https://www.forsyths.co.uk,Find the contact email address for the Music Technology department or general office.,Not found
https://www.forsyths.co.uk/music/131065-rhinegold-education-edexcel-a-level-music-technology-revision-guide-reevell-james-author-9781785586347.html,Find the contact email address for the Music Technology department or general office.,Not found
https://www.fortismere.haringey.sch.uk,Find the contact email address for the Music Technology department or general office.,discovermusic@fortismere.org.uk
https://www.fortismere.haringey.sch.uk/page/?title=Music+Technology&pid=119,Find the contact email address for the Music Technology department or general office.,discovermusic@fortismere.org.uk
https://www.gatewayqualifications.org.uk,Find the contact email address for the Music Technology department or general office.,Not found
https://www.gatewayqualifications.org.uk/qualification/gateway-qualifications-level-1-award-in-skills-for-music-and-music-technology,Find the contact email address for the Music Technology department or general office.,Not found
https://www.gcs.ac.uk,Find the contact email address for the Music Technology department or general office.,enquiries@gcs.ac.uk
https://www.gcs.ac.uk/full-time-course/A-Level-Music-Technology,Find the contact email address for the Music Technology department or general office.,enquiries@gcs.ac.uk
https://www.gillingham-dorset.co.uk,Find the contact email address for the Music Technology department or general office.,office@gillingham-dorset.co.uk
https://www.gillingham-dorset.co.uk/music-music-technology,Find the contact email address for the Music Technology department or general office.,Not found
https://www.godalming.ac.uk,Find the contact email address for the Music Technology department or general office.,Not found
https://www.godalming.ac.uk/Music-Technology-A-level.html,Find the contact email address for the Music Technology department or general office.,college@godalming.ac.uk
https://www.gov.uk,Find the contact email address for the Music Technology department or general office.,Not found
https://www.gov.uk/government/publications/gce-as-and-a-level-music-technology,Find the contact email address for the Music Technology department or general office.,Not found
https://www.greenhead.ac.uk,Find the contact email address for the Music Technology department or general office.,422032college@greenhead.ac.uk
https://www.greenhead.ac.uk/courses/music-technology,Find the contact email address for the Music Technology department or general office.,422032college@greenhead.ac.uk
https://www.halesowen.ac.uk,Find the contact email address for the Music Technology department or general office.,info@halesowen.ac.uk
https://www.halesowen.ac.uk/study/course/music-technology-a-level,Find the contact email address for the Music Technology department or general office.,Not found
https://www.hallifordschool.co.uk,Find the contact email address for the Music Technology department or general office.,reception@hallifordschool.co.uk
https://www.hallifordschool.co.uk/wp-content/uploads/2020/08/A-Level-Music-Technology.pdf,Find the contact email address for the Music Technology department or general office.,Not found
https://www.hampsteadfinearts.com,Find the contact email address for the Music Technology department or general office.,mail@hampsteadfinearts.com
https://www.hampsteadfinearts.com/subject/music-technology-a-level,Find the contact email address for the Music Technology department or general office.,mail@hampsteadfinearts.com
https://www.henleycol.ac.uk,Find the contact email address for the Music Technology department or general office.,info@henleycol.ac.uk
https://www.henleycol.ac.uk/media/3360/music-technology-a-level-updated.pdf,Find the contact email address for the Music Technology department or general office.,Not found
https://www.hillsroad.ac.uk,Find the contact email address for the Music Technology department or general office.,enquiries@hillsroad.ac.uk
https://www.hillsroad.ac.uk/sixthform/how-to-apply/subjects/music-technology,Find the contact email address for the Music Technology department or general office.,enquiries@hillsroad.ac.uk
https://www.hsdc.ac.uk,Find the contact email address for the Music Technology department or general office.,customerservices@hsdc.ac.uk
https://www.hsdc.ac.uk/courses/alton-campus/a-level/music-technology-3,Find the contact email address for the Music Technology department or general office.,customerservices@hsdc.ac.uk
https://www.kentprospectus.co.uk,Find the contact email address for the Music Technology department or general office.,KentChoices@theeducationpeople.org
https://www.kentprospectus.co.uk/courses/detail/a-level-music-technology-87169,Find the contact email address for the Music Technology department or general office.,KentChoices@theeducationpeople.org
https://www.kinghamhill.org.uk,Find the contact email address for the Music Technology department or general office.,registrar@kinghamhill.org
https://www.kinghamhill.org.uk/academic/sixth-form/sixth-form-subjects/btec-music-technology,Find the contact email address for the Music Technology department or general office.,Not found
https://www.laswap.camden.sch.uk,Find the contact email address for the Music Technology department or general office.,info@laswap.camden.school
https://www.laswap.camden.sch.uk/Music-Technology,Find the contact email address for the Music Technology department or general office.,info@laswap.camden.school
https://www.liv-coll.ac.uk,Find the contact email address for the Music Technology department or general office.,enquiry@liv-coll.ac.uk
https://www.liv-coll.ac.uk/courses/music-technology-level-2-diploma,Find the contact email address for the Music Technology department or general office.,Not found
https://www.liverpool.ac.uk,Find the contact email address for the Music Technology department or general office.,irro@liverpool.ac.uk
https://www.liverpool.ac.uk/courses/2023/music-and-technology-ba-hons,Find the contact email address for the Music Technology department or general office.,irro@liverpool.ac.uk
https://www.lymmhigh.org.uk,Find the contact email address for the Music Technology department or general office.,info@lymmhigh.org.uk
https://www.lymmhigh.org.uk/wp-content/uploads/2020/12/2020-2021-Sixth-Form-Prospectus-Music-technology.pdf,Find the contact email address for the Music Technology department or general office.,6@x9X.F
https://www.monktoncombeschool.com,Find the contact email address for the Music Technology department or general office.,reception@monkton.org.uk
https://www.monktoncombeschool.com/senior-13-18/departments/music-technology,Find the contact email address for the Music Technology department or general office.,reception@monkton.org.uk
https://www.morpethmusic.net,Find the contact email address for the Music Technology department or general office.,info@morpethmusic.com
https://www.morpethmusic.net/copy-of-gcse-music,Find the contact email address for the Music Technology department or general office.,info@morpethmusic.com
https://www.mumsnet.com,Find the contact email address for the Music Technology department or general office.,Not found
https://www.mumsnet.com/Talk/secondary/1967643-Music-Technology-Music-and-soft-A-levels,Find the contact email address for the Music Technology department or general office.,Not found
https://www.musicmark.org.uk,Find the contact email address for the Music Technology department or general office.,Not found
https://www.musicmark.org.uk/resources/music-technology-a-level,Find the contact email address for the Music Technology department or general office.,Not found
https://www.musicroom.com,Find the contact email address for the Music Technology department or general office.,Not found
https://www.musicroom.com/edexcel-a-level-music-technology-revision-guide-rhg348,Find the contact email address for the Music Technology department or general office.,Not found
https://www.ncclondon.ac.uk,Find the contact email address for the Music Technology department or general office.,Not found
https://www.ncclondon.ac.uk/16-18-a-levels/music-technology-a-level,Find the contact email address for the Music Technology department or general office.,Not found
https://www.nescot.ac.uk,Find the contact email address for the Music Technology department or general office.,adviceteam@nescot.ac.uk
https://www.nescot.ac.uk/further-education/music-technology/courses/Music-Level-2-Full-Time-N5810,Find the contact email address for the Music Technology department or general office.,Not found
https://www.newcastlesixthformcollege.ac.uk,Find the contact email address for the Music Technology department or general office.,info@newcastlesixthformcollege.ac.uk
https://www.newcastlesixthformcollege.ac.uk/courses/a-levels/subjects/music-technology,Find the contact email address for the Music Technology department or general office.,NSFCenquiries@newcastlesfc.ac.uk
https://www.northamptoncollege.ac.uk,Find the contact email address for the Music Technology department or general office.,enquiries@northamptoncollege.ac.uk
https://www.northamptoncollege.ac.uk/courses/music/level-3-music-technology,Find the contact email address for the Music Technology department or general office.,enquiries@northamptoncollege.ac.uk
https://www.nottingham.ac.uk,Find the contact email address for the Music Technology department or general office.,bootstrap@5.0.1
https://www.nottingham.ac.uk/studywithus/ugstudy/courses/UG/Music-and-Music-Technology-BA-Hons-U6UMUTEC.html,Find the contact email address for the Music Technology department or general office.,Not found
https://www.ocr.org.uk,Find the contact email address for the Music Technology department or general office.,support@ocr.org.uk
https://www.ocr.org.uk/images/219397-specification-accredited-a-level-gce-music-h543.pdf,Find the contact email address for the Music Technology department or general office.,zq@cCZ.X
https://www.qmc.ac.uk,Find the contact email address for the Music Technology department or general office.,info@qmc.ac.uk
https://www.qmc.ac.uk/courses/performing-arts/music-technology,Find the contact email address for the Music Technology department or general office.,info@qmc.ac.uk
https://www.qualhub.co.uk,Find the contact email address for the Music Technology department or general office.,Not found
https://www.qualhub.co.uk/qualification-search/qualification-detail/ncfe-level-12-technical-award-in-music-technology-5162,Find the contact email address for the Music Technology department or general office.,Not found
https://www.redditch.tgacademy.org.uk,Find the contact email address for the Music Technology department or general office.,office@tgacademy.org.uk
https://www.redditch.tgacademy.org.uk/files/2014/06/music-technology-handbook.pdf,Find the contact email address for the Music Technology department or general office.,Not found
https://www.reigate.ac.uk,Find the contact email address for the Music Technology department or general office.,enquiries@reigate.ac.uk
https://www.reigate.ac.uk/new-starters/courses/music-technology-a-level,Find the contact email address for the Music Technology department or general office.,enquiries@reigate.ac.uk
https://www.ringwood.hants.sch.uk,Find the contact email address for the Music Technology department or general office.,Not found
https://www.ringwood.hants.sch.uk/sixth-form/courses/music-technology-level,Find the contact email address for the Music Technology department or general office.,Not found
https://www.royalhighbath.gdst.net,Find the contact email address for the Music Technology department or general office.,prep@rhsb.gdst.net
https://www.royalhighbath.gdst.net/sixth-form/a-level-subjects/music-technology,Find the contact email address for the Music Technology department or general office.,Not found
https://www.runshaw.ac.uk,Find the contact email address for the Music Technology department or general office.,dataprotectionofficer@runshaw.ac.uk
https://www.runshaw.ac.uk/course/music-technology,Find the contact email address for the Music Technology department or general office.,studentservicesadmin@runshaw.ac.uk
https://www.rutc.ac.uk,Find the contact email address for the Music Technology department or general office.,Not found
https://www.rutc.ac.uk/courses/music/191-level-3/1533-music-technology-a-level.html,Find the contact email address for the Music Technology department or general office.,Not found
https://www.scg.ac.uk,Find the contact email address for the Music Technology department or general office.,info@shrewsbury.ac.uk
https://www.scg.ac.uk/courses/music,Find the contact email address for the Music Technology department or general office.,info@shrewsbury.ac.uk
https://www.scorestore.co.uk,Find the contact email address for the Music Technology department or general office.,music@forwoods.co.uk
https://www.scorestore.co.uk/school-music/edexcel-a-level-music-technology-revision-guide-published-by-rhinegold.html,Find the contact email address for the Music Technology department or general office.,music@forwoods.co.uk
https://www.sjd.ac.uk,Find the contact email address for the Music Technology department or general office.,Not found
https://www.sjd.ac.uk/subject/music-technology,Find the contact email address for the Music Technology department or general office.,murphy_t@sjd.ac.uk
https://www.sqa.org.uk,Find the contact email address for the Music Technology department or general office.,Not found
https://www.sqa.org.uk/files/nq/AHCourseSpecMusicTech.pdf,Find the contact email address for the Music Technology department or general office.,JE@TQ.U
https://www.stbrn.ac.uk,Find the contact email address for the Music Technology department or general office.,info@stbrn.ac.uk
https://www.stbrn.ac.uk/find/courses/music-technology,Find the contact email address for the Music Technology department or general office.,info@stbrn.ac.uk
https://www.tallispost16.com,Find the contact email address for the Music Technology department or general office.,Not found
https://www.tallispost16.com/uploads/8/8/3/7/8837108/a_level_music_reading_list.pdf,Find the contact email address for the Music Technology department or general office.,Not found
https://www.thestudentroom.co.uk,Find the contact email address for the Music Technology department or general office.,Not found
https://www.thestudentroom.co.uk/showthread.php?t=3543483,Find the contact email address for the Music Technology department or general office.,Not found
https://www.theweald.org.uk,Find the contact email address for the Music Technology department or general office.,office@theweald.org.uk
https://www.theweald.org.uk/page/?title=Level+2+%2D+BTEC+Music+%28Technology%29&pid=527,Find the contact email address for the Music Technology department or general office.,office@theweald.org.uk
https://www.tmc.ac.uk,Find the contact email address for the Music Technology department or general office.,bootstrap@4.6.0
https://www.tmc.ac.uk/courses/music-technology-and-production,Find the contact email address for the Music Technology department or general office.,bootstrap@4.6.0
https://www.trc.ac.uk,Find the contact email address for the Music Technology department or general office.,Not found
https://www.trc.ac.uk/music-technology,Find the contact email address for the Music Technology department or general office.,Not found
https://www.trinitylaban.ac.uk,Find the contact email address for the Music Technology department or general office.,d.surtees@trinitylaban.ac.uk
https://www.trinitylaban.ac.uk/sites/default/files/a_level_music_technology_at_junior_trinity.pdf,Find the contact email address for the Music Technology department or general office.,Not found
https://www.truro-penwith.ac.uk,Find the contact email address for the Music Technology department or general office.,Not found
https://www.truro-penwith.ac.uk/courses/a-level-music-technology,Find the contact email address for the Music Technology department or general office.,Not found
https://www.tutorhunt.com,Find the contact email address for the Music Technology department or general office.,Not found
https://www.tutorhunt.com/music-technology.asp,Find the contact email address for the Music Technology department or general office.,Not found
https://www.twynhamsixthform.com,Find the contact email address for the Music Technology department or general office.,Not found
https://www.twynhamsixthform.com/388/subjects/subject/45/music-technology,Find the contact email address for the Music Technology department or general office.,Not found
https://www.uwl.ac.uk,Find the contact email address for the Music Technology department or general office.,courses@uwl.ac.uk
https://www.uwl.ac.uk/course/undergraduate/music-technology,Find the contact email address for the Music Technology department or general office.,annie.yim@uwl.ac.uk
https://www.waterstones.com,Find the contact email address for the Music Technology department or general office.,Not found
https://www.waterstones.com/book/edexcel-as-and-a-level-music-technology-study-guide/tim-hallas/9781785586026,Find the contact email address for the Music Technology department or general office.,Not found
https://www.windsor-forest.ac.uk,Find the contact email address for the Music Technology department or general office.,info@windsor-forest.ac.uk
https://www.windsor-forest.ac.uk/courses/creative-studies/274-performing-arts/5157-music-technology-a-level.html,Find the contact email address for the Music Technology department or general office.,info@windsor-forest.ac.uk
https://www.woodhouse.ac.uk,Find the contact email address for the Music Technology department or general office.,enquiries@woodhouse.ac.uk
https://www.woodhouse.ac.uk/music-technology-must-a-69-course.aspx,Find the contact email address for the Music Technology department or general office.,Not found
https://www.xaverian.ac.uk,Find the contact email address for the Music Technology department or general office.,Not found
https://www.xaverian.ac.uk/course/music-technology,Find the contact email address for the Music Technology department or general office.,Not found
https://www.york.ac.uk,Find the contact email address for the Music Technology department or general office.,communications-support@york.ac.uk
https://www.york.ac.uk/study/undergraduate/courses/beng-music-technology-systems,Find the contact email address for the Music Technology department or general office.,communications-support@york.ac.uk
https://www.yorkcollege.ac.uk,Find the contact email address for the Music Technology department or general office.,info@yorkcollege.ac.uk
https://www.yorkcollege.ac.uk/study/music-technology-as-a-level,Find the contact email address for the Music Technology department or general office.,Not found
