Firstname,Surname,Organisation,Email
Neil,Souter,Redruth School,nsouter@redruth.cornwall.sch.uk
M,Allchurch,Grey Court School,mallchurch@greycourt.org.uk
S,Neville,The Hollyfield School,sneville@hollyfield.kingston.sch.uk
John,Evans,Reigate College,john.evans@reigate.ac.uk
David,Preston,Reigate College,david.preston@reigate.ac.uk
C,Wood,William Ellis School,cwood@williamellis.camden.sch.uk
D,Cullimore,The Woodroffe School,dcullimore@woodroffe.dorset.sch.uk
J,Giles,Harrogate Grammar School,j.giles@harrogategrammar.co.uk
P,Pearn,Hatch End High School,ppearn@hatchend.harrow.sch.uk
Aidan,Goetzee,Purcell School,info@purcell-school.org
Simon,Hall,Royal Birmingham Conservatoire,conservatoireevents@bcu.ac.uk
Head,Music,Redbornecommunitycollege,admin@redborne.com
Head,Music,Accesstomusic,bursary.support@accesstomusic.ac.uk
Head,Music,Aclandburghley,info@aclandburghley.camden.sch.uk
Head,Music,Aldergrange,ag6enquiries@aldergrange.com
Head,Music,Aquinas,enquiries@aquinas.ac.uk
Head,Music,Bedford,info@bedfordcollegegroup.ac.uk
Head,Music,Berwickacademy,admin@berwickacademy.co.uk
Head,Music,Bexhillcollege,enquiries@bexhillcollege.ac.uk
Head,Music,Bishopjustus,admin@bishopjustus.bromley.sch.uk
Head,Music,Blackpoolsixth,generalenquiries@blackpoolsixth.ac.uk
Head,Music,Boa-academy,info@boa-academy.co.uk
Head,Music,Bolton-sfc,Info@bolton-sfc.ac.uk
Head,Music,Capitalccg,shaheena.khatri@capitalccg.ac.uk
Head,Music,Cdarwin,enquiries@cdarwin.com
Head,Music,Cheam,music@cheam.sutton.sch.uk
Head,Music,Churchill-academy,enquiries@lsp.org.uk
Head,Music,Colchsfc,enquiries@colchsfc.ac.uk
Head,Music,Combertonvc,enquiries@combertonsixthform.org
Head,Music,Csgrammar,enquiries@csgrammar.com
Head,Music,Denbigh,info@tastrust.org.uk
Head,Music,Enfieldgrammar,enfieldgrammar.org_luuo47nlb4c50etc0i9td9i1fo@group.calendar.google.com
Head,Music,Essexschoolsjobs,teaching@essex.gov.uk
Head,Music,Essexschoolsjobs,humanresources@colchsfc.ac.uk
Head,Music,Farlingaye,pstrutt@farlingaye.suffolk.sch.uk
Head,Music,Farn-ct,slick-carousel@1.8.1
Head,Music,Fullbrook,info@fullbrook.surrey.sch.uk
Head,Music,Gablehall,info@gablehall.com
Head,Music,Greenhead,422032college@greenhead.ac.uk
Head,Music,Halesowen,info@halesowen.ac.uk
Head,Music,Highcliffe,info@hispmat.org
Head,Music,Hinchingbrookeschool,image005.jpg@01D69E38.D0836EC0
Head,Music,Hollyfield,office@hollyfield.kingston.sch.uk
Head,Music,Holycross,information@holycross.ac.uk
Head,Music,Huddnewcoll,info@huddnewcoll.ac.uk
Head,Music,Jcoss,admin@jcoss.barnet.sch.uk
Head,Music,Jhgs,office@jhgs.bucks.sch.uk
Head,Music,Kendal,safeguarding@kendal.ac.uk
Head,Music,Kesgrave,office@kesgrave.suffolk.sch.uk
Head,Music,Lasainteunion,general@lsu.camden.sch.uk
Head,Music,Lutonsfc,collemail@lutonsfc.ac.uk
Head,Music,Marling,reception@marling.school
Head,Music,Ncgrp,info@ncgrp.co.uk
Head,Music,Nowerhill,admin@nowerhill.harrow.sch.uk
Head,Music,Nsb,nsb@nsb.northants.sch.uk
Head,Music,Oasisacademyenfield,info@oasisenfield.org
Head,Music,Rainhammark,rmgs-office@rmet.org
Head,Music,Rotherham,enquiries@rnngroup.ac.uk
Head,Music,Runshaw,dataprotectionofficer@runshaw.ac.uk
Head,Music,Saintcecilias,info@saintcecilias.london
Head,Music,Sandringham,admin@sandringham.aetrust.uk
Head,Music,Sharnbrook,enquiries@spitfire.co.uk
Head,Music,Shsb,enquiries@shsb.org.uk
Head,Music,Sjlhs,smart.journey.prober@gmail.com
Head,Music,Smrt,enquiries@smrt.bristol.sch.uk
Head,Music,Southdartmoor,enquiries@southdartmoor.devon.sch.uk
Head,Music,Southessex,info@thebackstagecentre.com
Head,Music,St-martins,sixthform@st-martins.essex.sch.uk
Head,Music,Staidans,admin@staidans.co.uk
Head,Music,Stbrn,info@stbrn.ac.uk
Head,Music,Stcg,info.merton@stcg.ac.uk
Head,Music,Stcharles,enquiries@stcharles.ac.uk
Head,Music,Tbshs,admissions.sixthform@tbshs.org
Head,Music,Thebeaconschool,info@thebeaconschool.co.uk
Head,Music,Twynhamschool,office@twynhamschool.com
Head,Music,Varndean,information@varndean.ac.uk
Head,Music,Waddesdonschool,office@waddesdonschool.com
Head,Music,Wakefield,courseinfo@heartofyorkshire.ac.uk
Head,Music,Weymouth,recruitment@weymouth.ac.uk
Head,Music,Whitefield,schooladmin@clarion.school
Head,Music,Williamellis,info@williamellis.camden.sch.uk
Head,Music,Wmcollege,ArtsSchool@wmcollege.ac.uk
Head,Music,Books,robert@broofa.com
Head,Music,Budmouth,office@budmouth-aspirations.org
Head,Music,Budmouth,H@r.Z
Head,Music,Courses,Admissions@uwe.ac.uk
Head,Music,Fallibroome,info@fallibroome.org.uk
Head,Music,Farnborough,admin@farnborough.ac.uk
Head,Music,Georgesalter,info@georgesalter.com
Head,Music,Pearson,TalentExperienceGlobalTeam@grp.pearson.com
Head,Music,Subjectchoices,saf@wellingtoncollege.org.uk
Head,Music,Woking,wokingcoll@woking.ac.uk
Head,Music,Aqa,business-studies@aqa.org.uk
Head,Music,Bcu,jack@greensock.com
Head,Music,Bede,bede.enquiries@stockton.ac.uk
Head,Music,Billericayschool,info@billericayschool.com
Head,Music,Brit,info@brit.croydon.sch.uk
Head,Music,Brock,enquiries@brock.ac.uk
Head,Music,Cirencester,student.journeyteam@cirencester.ac.uk
Head,Music,Colchester,info@colchester.ac.uk
Head,Music,Davidgamecollege,info@davidgamecollege.com
Head,Music,Doverbroecks,info@doverbroecks.com
Head,Music,Ed,website.support@ed.ac.uk
Head,Music,Eduqas,info@eduqas.co.uk
Head,Music,Eduqas,music@eduqas.co.uk
Head,Music,Esher,info@esher.ac.uk
Head,Music,Fortismere,discovermusic@fortismere.org.uk
Head,Music,Gcs,enquiries@gcs.ac.uk
Head,Music,Gillingham-dorset,office@gillingham-dorset.co.uk
Head,Music,Godalming,college@godalming.ac.uk
Head,Music,Hallifordschool,reception@hallifordschool.co.uk
Head,Music,Hampsteadfinearts,mail@hampsteadfinearts.com
Head,Music,Henleycol,info@henleycol.ac.uk
Head,Music,Hillsroad,enquiries@hillsroad.ac.uk
Head,Music,Hsdc,customerservices@hsdc.ac.uk
Head,Music,Kentprospectus,KentChoices@theeducationpeople.org
Head,Music,Kinghamhill,registrar@kinghamhill.org
Head,Music,Laswap,info@laswap.camden.school
Head,Music,Liv-coll,enquiry@liv-coll.ac.uk
Head,Music,Liverpool,irro@liverpool.ac.uk
Head,Music,Lymmhigh,info@lymmhigh.org.uk
Head,Music,Lymmhigh,6@x9X.F
Head,Music,Monktoncombeschool,reception@monkton.org.uk
Head,Music,Morpethmusic,info@morpethmusic.com
Head,Music,Nescot,adviceteam@nescot.ac.uk
Head,Music,Newcastlesixthformcollege,info@newcastlesixthformcollege.ac.uk
Head,Music,Newcastlesixthformcollege,NSFCenquiries@newcastlesfc.ac.uk
Head,Music,Northamptoncollege,enquiries@northamptoncollege.ac.uk
Head,Music,Ocr,support@ocr.org.uk
Head,Music,Ocr,zq@cCZ.X
Head,Music,Qmc,info@qmc.ac.uk
Head,Music,Redditch,office@tgacademy.org.uk
Head,Music,Reigate,enquiries@reigate.ac.uk
Head,Music,Royalhighbath,prep@rhsb.gdst.net
Head,Music,Runshaw,studentservicesadmin@runshaw.ac.uk
Head,Music,Scg,info@shrewsbury.ac.uk
Head,Music,Scorestore,music@forwoods.co.uk
Head,Music,Sjd,murphy_t@sjd.ac.uk
Head,Music,Sqa,JE@TQ.U
Head,Music,Theweald,office@theweald.org.uk
Head,Music,Trinitylaban,d.surtees@trinitylaban.ac.uk
Head,Music,Uwl,courses@uwl.ac.uk
Head,Music,Uwl,annie.yim@uwl.ac.uk
Head,Music,Windsor-forest,info@windsor-forest.ac.uk
Head,Music,Woodhouse,enquiries@woodhouse.ac.uk
Head,Music,York,communications-support@york.ac.uk
Head,Music,Yorkcollege,info@yorkcollege.ac.uk
Head,Music,Sjr,enquiries@sjr.ac.uk
Head,Music,Bilborough,enquiries@bilborough.ac.uk
Head,Music,Joinus,enquiries@nwslc.ac.uk
Head,Music,Psc,psc@psc.ac.uk
Head,Music,Poolehigh,office@twynhamlearning.com
Head,Music,Farmors,admin@farmors.gloucs.sch.uk
Head,Music,Bhasvic,info@bhasvic.ac.uk
Head,Music,Hedingham,enquiries@hedingham.essex.sch.uk
Head,Music,Reviewcentre,contactus@reviewcentre.com
Head,Music,Sussex,information@sussex.ac.uk
Head,Music,Yahoo,brad@uservoice.com
Head,Music,Coleggwent,hello@coleggwent.ac.uk
Head,Music,Lowestoftsfc,dataprotection@eastcoast.ac.uk
Head,Music,Mychoice16,jharris@anglianlearning.org
Head,Music,Serc,studentfinance@serc.ac.uk
Head,Music,Bluecoatsixthform,BAAsixthform@bluecoat.uk.com
Head,Music,Nbp16c,post16@cotham.bristol.sch.uk
Head,Music,Royalrussell,reception@royalrussell.co.uk
Head,Music,City-of-portsmouth-college,info@copc.ac.uk
Head,Music,Conyers,conyers@conyers.org.uk
Head,Music,Wsfc,enquiries@wsfc.ac.uk
Head,Music,Itchen,info@itchen.ac.uk
Head,Music,Bathcollege,studentfunding@bathcollege.ac.uk
Head,Music,Keslichfield,office@keslichfield.org.uk
Head,Music,Kedst,reception@kedst.ac.uk
Head,Music,Rochdalesfc,info@rochdalesfc.ac.uk
Head,Music,Maryhare,info@kindera.uk
Head,Music,Warlinghamtlt,Info@WarlinghamTLT.co.uk
Head,Music,Canon-slade,sixthform@canon-slade.bolton.sch.uk
Head,Music,Coombesixthform,enquiries@coombesixthform.org
Head,Music,Notredamecoll,enquiries@notredamecoll.ac.uk
Head,Music,Cardinalnewman,admissions@cardinalnewman.ac.uk
Head,Music,Leyton,enquiry@leyton.ac.uk
Head,Music,Therhythmstudio,info@bellafreud.com
Head,Music,Newbury-college,info@newbury-college.ac.uk
Head,Music,Sixthformkevi,m.clarke@kevi.cheviotlt.co.uk
Head,Music,Hayes,5os13rtstql31vnp2jtcpqd2ft@google.com
Head,Music,Uk,protobufjs@7.1.2
Head,Music,Asfc,contact@asfc.ac.uk
Head of,Music,Abbey College Ramsey,music@abbeycollege.cambs.sch.uk
Head of,Music,Abbey Grange Church of England Academy,music@abbeygrangeacademy.co.uk
Head of,Music,Abbey Park School,music@abbeyparkschool.org.uk
Head of,Music,Abbeyfield School,music@abbeyfieldschool.org.uk
Head of,Music,Abbeywood Community School,music@abbeywoodschool.com
Head of,Music,Abbs Cross Academy and Arts College,music@abbscross.net
Head of,Music,Abraham Moss Community School,music@abrahammoss.co.uk
Head of,Music,Academy 360,music@laidlawschoolstrust.co.uk
Head of,Music,Academy@Worden,music@academyatworden.co.uk
Head of,Music,Accrington Academy,music@accrington-academy.org
Head of,Music,Accrington St Christopher's Church of England High School,music@st-christophers.org
Head of,Music,Acklam Grange School,music@acklamgrange.org.uk
Head of,Music,Acle Academy,music@acleacademy.co.uk
Head of,Music,Admiral Lord Nelson School,music@alns.co.uk
Head of,Music,AIM Academy North London,music@aimnorthlondon.org.uk
Head of,Music,Airedale Academy,music@airedaleacademy.com
Head of,Music,Albany Academy,music@albanyacademy.co.uk
Head of,Music,Alcester Academy,music@alcesteracademy.org.uk
Head of,Music,Alcester Grammar School,music@alcestergs.co.uk
Head of,Music,Alde Valley Academy,music@aldevalley.suffolk.sch.uk
Head of,Music,Alderbrook School,music@alderbrookschool.co.uk
Head of,Music,Aldercar High School,music@aldercarhigh.co.uk
Head of,Music,Alderman Peel High School,music@wensumtrust.org.uk
Head of,Music,Alderman White School,music@aldermanwhite.school
Head of,Music,Aldersley High School,music@aldersley.aatrust.co.uk
Head of,Music,Aldridge School - A Science College,music@aldridgeschool.org
Head of,Music,Alec Hunter Academy,music@alechunter.org
Head of,Music,Alec Reed Academy,music@alecreedacademy.co.uk
Head of,Music,Alexandra Park School,music@alexandrapark.school
Head of,Music,All Hallows Catholic College,music@allhallows.org.uk
Head of,Music,All Hallows Catholic School,music@allhallows.net
Head of,Music,All Saints Academy Dunstable,music@allsaintsacademydunstable.org
Head of,Music,All Saints' Academy Cheltenham,music@asachelt.org
Head of,Music,All Saints Catholic College,music@allsaintscatholiccollege.com
Head of,Music,All Saints' Catholic High School,music@allsaints.sheffield.sch.uk
Head of,Music,All Saints Catholic School York,music@allsaintsyork.npcat.org.uk
Head of,Music,All Saints' Catholic Voluntary Academy,music@allsaints.notts.sch.uk
Head of,Music,All Saints Church of England Academy,music@allsaintsib.org
Head of,Music,All Saints' Church of England Academy,music@allsaints-academy.co.uk
Head of,Music,All Saints' Roman Catholic High School a Voluntary Academy,music@allsaintshigh.lancs.sch.uk
Head of,Music,Allestree Woodlands School,music@woodlands.ttct.co.uk
Head of,Music,Alleyne's Academy,music@alleynesacademy.co.uk
Head of,Music,Alperton Community School,music@alperton.brent.sch.uk
Head of,Music,Alsager School,music@alsagerschool.org
Head of,Music,Alsop High School,music@alsophigh.org.uk
Head of,Music,Altrincham College,music@altrinchamcollege.com
Head of,Music,Altrincham Grammar School for Boys,music@agsb.co.uk
Head of,Music,Altrincham Grammar School for Girls,music@aggs.trafford.sch.uk
Head of,Music,Altwood Church of England School,music@altwoodschool.co.uk
Head of,Music,Alvaston Moor Academy,music@alvastonmoor.co.uk
Head of,Music,Amersham School,music@amershamschool.org.uk
Head of,Music,Amery Hill School,music@ameryhill.hants.sch.uk
Head of,Music,Anglo European School,music@aesessex.co.uk
Head of,Music,Ansford Academy,music@ansford.org.uk
Head of,Music,Anthony Gell School,music@anthonygell.co.uk
Head of,Music,Appleby Grammar School,music@appleby.cumbria.sch.uk
Head of,Music,Appleton Academy,music@appletonacademy.co.uk
Head of,Music,Archbishop Blanch CofE High School,music@abblanch.com
Head of,Music,Archbishop Holgate's School A Church of England Academy,music@archbishopholgates.academy
Head of,Music,Archbishop Ilsley Catholic School,music@ilsley.bham.sch.uk
Head of,Music,Arden,music@arden.solihull.sch.uk
Head of,Music,Arena Academy,music@corearena.academy
Head of,Music,Ark Academy,music@arkacademy.org
Head of,Music,Ark Acton Academy,music@arkacton.org
Head of,Music,Ark Alexandra Academy,music@arkalexandra.org
Head of,Music,Ark All Saints Academy,music@arkallsaintsacademy.org
Head of,Music,Ark Boulton Academy,music@arkboulton.org
Head of,Music,Ark Burlington Danes Academy,music@burlingtondanes.org
Head of,Music,Ark Charter Academy,music@charteracademy.org.uk
Head of,Music,Ark Elvin Academy,music@arkelvinacademy.org
Head of,Music,Ark Evelyn Grace Academy,music@evelyngraceacademy.org
Head of,Music,Ark Globe Academy,music@arkglobe.org
Head of,Music,Ark Isaac Newton Academy,music@isaacnewtonacademy.org
Head of,Music,Ark King Solomon Academy,music@kingsolomonacademy.org
Head of,Music,Ark Kings Academy,music@arkkingsacademy.org
Head of,Music,Ark Putney Academy,music@arkputney.org
Head of,Music,Ark St Alban's Academy,music@arkstalbans.org
Head of,Music,Ark Walworth Academy,music@walworthacademy.org
Head of,Music,Armthorpe Academy,music@armthorpeacademy.org.uk
Head of,Music,Arnold Hill Spencer Academy,music@arnoldhillspencer.org.uk
Head of,Music,Arrow Vale High School,music@arrowvaleschool.org.uk
Head of,Music,Arthur Mellows Village College,music@arthurmellows.org
Head of,Music,Ash Green School,music@ashgreenschool.org.uk
Head of,Music,Ash Hill Academy,music@ashhillacademy.org.uk
Head of,Music,Ashby School,music@ashbyschool.org.uk
Head of,Music,Ashcroft Technology Academy,music@atacademy.org.uk
Head of,Music,Ashfield Comprehensive School,music@ashfield.ttct.co.uk
Head of,Music,Ashington Academy,music@ashingtonacademy.co.uk
Head of,Music,Ashlawn School,music@ashlawn.org.uk
Head of,Music,Ashmole Academy,music@ashmoleacademy.org
Head of,Music,Ashton Park School,music@ashtonpark.net
Head of,Music,Ashton-on-Mersey School,music@aomschool.co.uk
Head of,Music,Aston Academy,music@astonacademy.org
Head of,Music,Aston Manor Academy,music@astonmanor.bham.sch.uk
Head of,Music,Astor Secondary School,music@astorschool.com
Head of,Music,Astrea Academy Dearne,music@astreadearne.org
Head of,Music,Astrea Academy Woodfields,music@astreawoodfields.org
Head of,Music,Atlantic Academy Portland,music@atlantic-aspirations.org
Head of,Music,Attleborough Academy,music@attleboroughacademy.org
Head of,Music,Audenshaw School,music@audenshawschool.org.uk
Head of,Music,Aureus School,music@aureusschool.org
Head of,Music,Avon Valley Academy,music@avonvalleyacademy.co.uk
Head of,Music,Avonbourne Boys' Academy,music@avonbourneboysacademy.org.uk
Head of,Music,Avonbourne Girls Academy,music@avonbourneacademy.org.uk
Head of,Music,Axe Valley Academy,music@axevalley.bep.ac
Head of,Music,Aylesbury Grammar School,music@ags.bucks.sch.uk
Head of,Music,Aylesbury High School,music@ahs.bucks.sch.uk
Head of,Music,Aylesford School,music@aylesford.kent.sch.uk
Head of,Music,Aylesford School Warwick,music@aylesfordschool.org.uk
Head of,Music,Babington Academy,music@babington.leicester.sch.uk
Head of,Music,Backwell School,music@backwellschool.net
Head of,Music,Bacon's College,music@baconscollege.co.uk
Head of,Music,Bacup and Rawtenstall Grammar School,music@brgs.org.uk
Head of,Music,Balcarras School,music@balcarras.gloucs.sch.uk
Head of,Music,Barclay Academy,music@barclay.futureacademies.org
Head of,Music,Barlby High School,music@bhs.hlt.academy
Head of,Music,Barnhill Community High School,music@barnhill.school
Head of,Music,Barnsley Academy,music@barnsley-academy.org
Head of,Music,Barnwood Park School,music@barnwoodpark.co.uk
Head of,Music,Barr Beacon School,music@barrbeaconschool.co.uk
Head of,Music,Barr's Hill School,music@barrshill.coventry.sch.uk
Head of,Music,Bartholomew School,music@bartholomew.oxon.sch.uk
Head of,Music,Bartley Green School,music@bartleygreenschool.co.uk
Head of,Music,Barton Court Grammar School,music@bartoncourt.org
Head of,Music,Bassingbourn Village College,music@bassingbournvc.net
Head of,Music,Batley Girls' High School,music@batleygirls.co.uk
Head of,Music,Baxter College,music@baxtercollege.co.uk
Head of,Music,Bay Leadership Academy,music@bayleadershipacademy.com
Head of,Music,Baylis Court School,music@bayliscourt.slough.sch.uk
Head of,Music,BBG Academy,music@bbgacademy.com
Head of,Music,Beacon Academy,music@beaconacademy.co.uk
Head of,Music,Beacon Hill Academy,music@beaconhillacademy.org.uk
Head of,Music,Beaconsfield High School,music@beaconsfieldhigh.school
Head of,Music,Beal High School,music@bealhighschool.co.uk
Head of,Music,Beamont Collegiate Academy,music@bcawarrington.org.uk
Head of,Music,Beauchamp College,music@beauchamp.org.uk
Head of,Music,Beaumont School,music@beaumontschool.com
Head of,Music,Beckfoot Oakbank,music@oakbank.org.uk
Head of,Music,Beckfoot School,music@beckfoot.org
Head of,Music,Beckfoot Thornton,music@beckfootthornton.org
Head of,Music,Beckfoot Upper Heaton,music@beckfootupperheaton.org
Head of,Music,Bede Academy,music@bedeacademy.org.uk
Head of,Music,Bedford Academy,music@bedfordacademy.co.uk
Head of,Music,Bedlington Academy,music@bedlingtonacademy.co.uk
Head of,Music,Bedminster Down School,music@bedminsterdown.org.uk
Head of,Music,Beechen Cliff School,music@beechencliff.org.uk
Head of,Music,Beechwood School,music@beechwood.slough.sch.uk
Head of,Music,Beis Yaakov High School,music@byjhs.org
Head of,Music,Belfairs Academy,music@belfairsacademy.org.uk
Head of,Music,Belle Vue Girls' Academy,music@bvgacademy.co.uk
Head of,Music,Bellerive FCJ Catholic College,music@bellerivefcj.org
Head of,Music,Belvidere School,music@belvidereschool.co.uk
Head of,Music,Benfield School,music@benfield.neat.org.uk
Head of,Music,Benjamin Britten Academy of Music and Mathematics,music@benjaminbritten.school
Head of,Music,Bennett Memorial Diocesan School,music@bennettmemorial.co.uk
Head of,Music,Bentley Wood High School,music@bentleywood.harrow.sch.uk
Head of,Music,Benton Park School,music@bentonpark.org.uk
Head of,Music,Berwick Academy,music@berwickacademy.co.uk
Head of,Music,Beths Grammar School,music@beths.bexley.sch.uk
Head of,Music,Beverley Grammar School,music@beverleygrammar.co.uk
Head of,Music,Bexhill High Academy,music@bexhillacademy.org
Head of,Music,Bexley Grammar School,music@bexleygs.co.uk
Head of,Music,Biddick Academy,music@biddickacademy.com
Head of,Music,Biddulph High School,music@biddulphhigh.co.uk
Head of,Music,Bideford College,music@bidefordcollege.org
Head of,Music,Bilton School,music@biltonschool.co.uk
Head of,Music,Birches Head Academy,music@bircheshead.org.uk
Head of,Music,Birchwood Community High School,music@birchwoodhigh.org
Head of,Music,Birchwood High School,music@birchwoodonline.co.uk
Head of,Music,Birkdale High School,music@birkdalehigh.co.uk
Head of,Music,Birkenhead High School Academy,music@birkenheadhigh.gdst.net
Head of,Music,Birkenhead Park School,music@birkenheadparkschool.com
Head of,Music,Birmingham Ormiston Academy,music@boa-academy.co.uk
Head of,Music,Bishop Barrington Academy,music@bishopbarrington.org.uk
Head of,Music,Bishop Challoner Catholic School,music@bishopchallonerfederation.towerhamlets.sch.uk
Head of,Music,Bishop Douglass School Finchley,music@bishopdouglass.barnet.sch.uk
Head of,Music,Bishop Fox's School,music@bishopfoxs.co.uk
Head of,Music,Bishop Justus CofE School,music@bishopjustus.bromley.sch.uk
Head of,Music,Bishop Luffa School Chichester,music@bishopluffa.org.uk
Head of,Music,Bishop Milner Catholic College,music@bmilner.dudley.sch.uk
Head of,Music,Bishop Perowne CofE College,music@bishopperowne.co.uk
Head of,Music,Bishop Ramsey Church of England School,music@bishopramseyschool.org
Head of,Music,Bishop Rawstorne Church of England Academy,music@bishopr.co.uk
Head of,Music,Bishop Stopford School,music@bishopstopford.com
Head of,Music,Bishop Ullathorne Catholic School,music@bishopullathorne.co.uk
Head of,Music,Bishop Vesey's Grammar School,music@bvgs.co.uk
Head of,Music,Bishop Walsh Catholic School,music@bishopwalsh.net
Head of,Music,Bishop Wordsworth's Church of England Grammar School,music@bishopwordsworths.org.uk
Head of,Music,Bishop Young Church of England Academy,music@bishopyoungacademy.co.uk
Head of,Music,Bishop's Hatfield Girls' School,music@bishophatfield.herts.sch.uk
Head of,Music,Bishopshalt School,music@bishopshalt.hillingdon.sch.uk
Head of,Music,Blackburn Central High School,music@bchs.co.uk
Head of,Music,Blackfen School for Girls,music@blackfenschoolforgirls.co.uk
Head of,Music,Blackpool Aspire Academy,music@blackpoolaspireacademy.co.uk
Head of,Music,Blaise High School,music@blaisehighschool.co.uk
Head of,Music,Blenheim High School,music@blenheim.surrey.sch.uk
Head of,Music,Blessed Carlo Acutis Catholic and Church of England Academy,music@blessedca.co.uk
Head of,Music,Blessed George Napier Catholic School and Sixth Form,music@blessedgeorgenapier.co.uk
Head of,Music,Blessed Robert Sutton Catholic Voluntary Academy,music@robertsutton.srscmat.co.uk
Head of,Music,Blessed Trinity Roman Catholic College A Voluntary Academy,music@btrcc.lancs.sch.uk
Head of,Music,Blessed William Howard Catholic School,music@bwh.staffs.sch.uk
Head of,Music,Bloxwich Academy,music@bloxwichacademy.co.uk
Head of,Music,Blue Coat Church of England Academy,music@bluecoatacademy.org
Head of,Music,Blue Coat Church of England School and Music College,music@bluecoatschool.com
Head of,Music,Bluecoat Aspley Academy,music@bluecoataspley.co.uk
Head of,Music,Bluecoat Beechdale Academy,music@bluecoatbeechdale.co.uk
Head of,Music,Bluecoat Wollaton Academy,music@bluecoatwollaton.co.uk
Head of,Music,Blythe Bridge High School,music@bb-hs.co.uk
Head of,Music,Bodmin College,music@bodmincollege.co.uk
Head of,Music,Bohunt School,music@bohunt.hants.sch.uk
Head of,Music,Bohunt School Wokingham,music@bohuntwokingham.com
Head of,Music,Bohunt School Worthing,music@bohuntworthing.com
Head of,Music,Bolton Muslim Girls School,music@bmgs.prospermat.co.uk
Head of,Music,Bolton St Catherine's Academy,music@boltonstcatherinesacademy.org.uk
Head of,Music,Bonus Pastor Catholic College,music@bonuspastor.co.uk
Head of,Music,Borden Grammar School,music@bordengrammar.kent.sch.uk
Head of,Music,Boston High School,music@bostonhighschool.co.uk
Head of,Music,Boston Spa Academy,music@bostonspa.leeds.sch.uk
Head of,Music,Bosworth Academy,music@bosworthacademy.org.uk
Head of,Music,Bottisham Village College,music@bottishamvc.org
Head of,Music,Bourne Academy,music@bourneacademy.org
Head of,Music,Bourne Grammar School,music@bourne-grammar.lincs.sch.uk
Head of,Music,Bournemouth School,music@bournemouth-school.org
Head of,Music,Bournemouth School for Girls,music@wearebsg.uk
Head of,Music,Bournville School,music@bournvilleschool.org
Head of,Music,Bower Park Academy,music@bowerpark.co.uk
Head of,Music,Bowland High,music@bowland.atctrust.org.uk
Head of,Music,Bradfield Secondary School,music@bradfield.sheffield.sch.uk
Head of,Music,Bradford Academy,music@bradfordacademy.co.uk
Head of,Music,Bradford Forster Academy,music@bradfordforsteracademy.co.uk
Head of,Music,Bradley Stoke Community School,music@bradleystokecs.org.uk
Head of,Music,Bradon Forest School,music@bradonforest.org.uk
Head of,Music,Bramcote College,music@bramcote.college
Head of,Music,Brampton Manor Academy,music@bramptonmanor.org
Head of,Music,Brannel School,music@brannel.com
Head of,Music,Branston Community Academy,music@branstonca.lincs.sch.uk
Head of,Music,Braunton Academy,music@braunton.academy
Head of,Music,Brayton Academy,music@braytonacademy.org.uk
Head of,Music,Brentford School for Girls,music@brentford.hounslow.sch.uk
Head of,Music,Brentwood County High School,music@brentwood-county-high.osborne.coop
Head of,Music,Brentwood Ursuline Convent High School,music@brentwoodursuline.co.uk
Head of,Music,Bridge Learning Campus,music@bridgelearningcampus.org.uk
Head of,Music,Bridgemary School,music@bridgemary-tkat.org
Head of,Music,Bridgewater High School,music@bridgewaterhigh.org
Head of,Music,Bridgnorth Endowed School,music@bridgnorthendowed.co.uk
Head of,Music,Bridgwater College Academy,music@bridgwatercollegeacademy.org
Head of,Music,Brighouse High School,music@brighouse.calderdale.sch.uk
Head of,Music,Brighton Aldridge Community Academy,music@baca-uk.org.uk
Head of,Music,Brighton Hill Community School,music@brightonhill.hants.sch.uk
Head of,Music,Brigshaw High School,music@brigshaw.com
Head of,Music,Brine Leas School,music@brineleas.co.uk
Head of,Music,Brinsworth Academy,music@brinsworthacademy.org.uk
Head of,Music,Bristnall Hall Academy,music@bristnallhallacademy.attrust.org.uk
Head of,Music,Bristol Brunel Academy,music@bba.bristol.sch.uk
Head of,Music,Bristol Cathedral Choir School,music@bccs.bristol.sch.uk
Head of,Music,Bristol Metropolitan Academy,music@bristolmet.net
Head of,Music,Brixham College,music@brixhamcollege.co.uk
Head of,Music,Broadland High Ormiston Academy,music@broadlandhighoa.co.uk
Head of,Music,Broadoak Academy,music@broadoakacademy.clf.uk
Head of,Music,Broadoak School,music@broadoakschool.co.uk
Head of,Music,Broadwater School,music@broadwater.surrey.sch.uk
Head of,Music,Broadway Academy,music@broadway-academy.co.uk
Head of,Music,Brockhill Park Performing Arts College,music@brockhill.kent.sch.uk
Head of,Music,Brockington College,music@brockington.leics.sch.uk
Head of,Music,Brompton Academy,music@bromptonacademy.org.uk
Head of,Music,Brooke Weston Academy,music@brookeweston.org
Head of,Music,Brookfield Community School,music@brookfieldcs.org.uk
Head of,Music,Brookvale Groby Learning Campus,music@brookvalegroby-tmet.uk
Head of,Music,Brownhills Ormiston Academy,music@brownhillsoa.co.uk
Head of,Music,Bruntcliffe Academy,music@bruntcliffe.leeds.sch.uk
Head of,Music,Brymore Academy,music@brymoreacademy.co.uk
Head of,Music,Buckler's Mead School,music@bucklersmead.com
Head of,Music,Budmouth Academy Weymouth,music@budmouth-aspirations.org
Head of,Music,Buile Hill Academy,music@bua.northerneducationtrust.org
Head of,Music,Bullers Wood School,music@bwsgirls.org
Head of,Music,Bungay High School,music@bungayhigh.co.uk
Head of,Music,Burford School,music@burford.oxon.sch.uk
Head of,Music,Burnage Academy for Boys,music@burnage.manchester.sch.uk
Head of,Music,Burnham Grammar School,music@burnhamgrammar.org.uk
Head of,Music,Burnt Mill Academy,music@burntmillacademy.org
Head of,Music,Burntwood School,music@burntwoodschool.com
Head of,Music,Burscough Priory Academy,music@burscoughprioryacademy.org
Head of,Music,Bury Church of England High School,music@burychurch.bury.sch.uk
Head of,Music,Bury St Edmunds County High School,music@countyhigh.uk
Head of,Music,Bushey Meads School,music@busheymeads.org.uk
Head of,Music,Buttershaw Business & Enterprise College Academy,music@buttershaw.net
Head of,Music,Buxton Community School,music@buxton.derbyshire.sch.uk
Head of,Music,Caister Academy,music@caisteracademy.org.uk
Head of,Music,Caistor Grammar School,music@caistorgrammar.com
Head of,Music,Caistor Yarborough Academy,music@caistoryarboroughacademy.co.uk
Head of,Music,Calday Grange Grammar School,music@calday.co.uk
Head of,Music,Caldew School,music@caldew.cumbria.sch.uk
Head of,Music,Callington Community College,music@callingtoncc.net
Head of,Music,Caludon Castle School,music@caludoncastle.co.uk
Head of,Music,Camborne Science and International Academy,music@cambornescience.co.uk
Head of,Music,Campion School,music@campion.warwickshire.sch.uk
Head of,Music,Campsmount Academy,music@campsmount.com
Head of,Music,Cams Hill School,music@camshill.com
Head of,Music,Cannock Chase High School,music@cannockchasehigh.com
Head of,Music,Canon Slade School,music@canon-slade.bolton.sch.uk
Head of,Music,Canons High School,music@canons.harrow.sch.uk
Head of,Music,Cape Cornwall School,music@cape.cornwall.sch.uk
Head of,Music,Cardinal Griffin Catholic College,music@cardinalgriffin.staffs.sch.uk
Head of,Music,Cardinal Hume Catholic School Gateshead,music@cardinalhume.com
Head of,Music,Cardinal Newman Catholic School,music@cncs.school
Head of,Music,Cardinal Pole Catholic School,music@cardinalpole.co.uk
Head of,Music,Cardinal Vaughan Memorial School,music@cvms.co.uk
Head of,Music,Cardinal Wiseman Catholic School,music@cardinalwiseman.net
Head of,Music,Carmel College,music@carmel.org.uk
Head of,Music,Carrington School,music@carringtonschool.org
Head of,Music,Carshalton Boys Sports College,music@carshaltonboys.org
Head of,Music,Carshalton High School for Girls,music@chsg.org.uk
Head of,Music,Cartmel Priory CofE School,music@cartmelprioryschool.co.uk
Head of,Music,Castle Hall Academy,music@castlehallacademy.com
